{"cameraMode":{"drawMode":0,"name":"Shaded","section":"Shading Mode"},"sceneLighting":true,"audioPlay":false,"sceneViewState":{"m_AlwaysRefresh":false,"showFog":true,"showSkybox":true,"showFlares":true,"showImageEffects":true,"showParticleSystems":true,"showVisualEffectGraphs":true,"m_FxEnabled":true},"in2DMode":false,"pivot":{"x":-16.692996978759767,"y":0.44880199432373049,"z":22.24317741394043},"rotation":{"x":-0.1443929225206375,"y":-0.006520381197333336,"z":0.0009824115550145507,"w":-0.9895246028900147},"size":14.246451377868653,"orthographic":false}