{"cameraMode":{"drawMode":0,"name":"Shaded","section":"Shading Mode"},"sceneLighting":false,"audioPlay":false,"sceneViewState":{"m_AlwaysRefresh":false,"showFog":true,"showSkybox":false,"showFlares":true,"showImageEffects":true,"showParticleSystems":true,"showVisualEffectGraphs":true,"m_FxEnabled":true},"in2DMode":false,"pivot":{"x":0.02305220253765583,"y":-0.19578015804290772,"z":1.206225037574768},"rotation":{"x":-0.09617818892002106,"y":-0.10787510126829148,"z":0.010501405224204064,"w":-0.9894875288009644},"size":1.3828246593475342,"orthographic":false}